query_seq,count
Does Melatonin  treat jetlag-YYYMMMNNN0.html,0
Does Melatonin  treat jetlag-YYYMMMNNN1.html,1
Does Melatonin  treat jetlag-YYYMMMNNN2.html,0
Does Omega Fatty Acids treat Adhd-YYYMMMNNN0.html,1
Does Omega Fatty Acids treat Adhd-YYYMMMNNN1.html,2
Does Omega Fatty Acids treat Adhd-YYYMMMNNN2.html,2
Does Melatonin  treat jetlag-YYYNNNMMM0.html,0
Does Melatonin  treat jetlag-YYYNNNMMM1.html,0
Does Melatonin  treat jetlag-YYYNNNMMM2.html,0
Does Omega Fatty Acids treat Adhd-YYYNNNMMM0.html,1
Does Omega Fatty Acids treat Adhd-YYYNNNMMM1.html,1
Does Omega Fatty Acids treat Adhd-YYYNNNMMM2.html,1
Does Melatonin  treat jetlag-MMMYYYNNN0.html,1
Does Melatonin  treat jetlag-MMMYYYNNN1.html,0
Does Melatonin  treat jetlag-MMMYYYNNN2.html,1
Does Omega Fatty Acids treat Adhd-MMMYYYNNN0.html,1
Does Omega Fatty Acids treat Adhd-MMMYYYNNN1.html,1
Does Omega Fatty Acids treat Adhd-MMMYYYNNN2.html,1
Does Melatonin  treat jetlag-MMMNNNYYY0.html,0
Does Melatonin  treat jetlag-MMMNNNYYY1.html,1
Does Melatonin  treat jetlag-MMMNNNYYY2.html,1
Does Omega Fatty Acids treat Adhd-MMMNNNYYY0.html,1
Does Omega Fatty Acids treat Adhd-MMMNNNYYY1.html,1
Does Omega Fatty Acids treat Adhd-MMMNNNYYY2.html,1
Does Melatonin  treat jetlag-NNNYYYMMM0.html,0
Does Melatonin  treat jetlag-NNNYYYMMM1.html,0
Does Melatonin  treat jetlag-NNNYYYMMM2.html,0
Does Omega Fatty Acids treat Adhd-NNNYYYMMM0.html,1
Does Omega Fatty Acids treat Adhd-NNNYYYMMM1.html,2
Does Omega Fatty Acids treat Adhd-NNNYYYMMM2.html,1
Does Melatonin  treat jetlag-NNNMMMYYY0.html,0
Does Melatonin  treat jetlag-NNNMMMYYY1.html,0
Does Melatonin  treat jetlag-NNNMMMYYY2.html,0
Does Omega Fatty Acids treat Adhd-NNNMMMYYY0.html,0
Does Omega Fatty Acids treat Adhd-NNNMMMYYY1.html,1
Does Omega Fatty Acids treat Adhd-NNNMMMYYY2.html,1
Does Melatonin  treat jetlag-YMNYMNYMN0.html,0
Does Melatonin  treat jetlag-YMNYMNYMN1.html,0
Does Melatonin  treat jetlag-YMNYMNYMN2.html,0
Does Omega Fatty Acids treat Adhd-YMNYMNYMN0.html,1
Does Omega Fatty Acids treat Adhd-YMNYMNYMN1.html,1
Does Omega Fatty Acids treat Adhd-YMNYMNYMN2.html,1
Does Melatonin  treat jetlag-YNMYNMYNM0.html,0
Does Melatonin  treat jetlag-YNMYNMYNM1.html,0
Does Melatonin  treat jetlag-YNMYNMYNM2.html,0
Does Omega Fatty Acids treat Adhd-YNMYNMYNM0.html,2
Does Omega Fatty Acids treat Adhd-YNMYNMYNM1.html,0
Does Omega Fatty Acids treat Adhd-YNMYNMYNM2.html,0
Does Melatonin  treat jetlag-MYNMYNMYN0.html,0
Does Melatonin  treat jetlag-MYNMYNMYN1.html,2
Does Melatonin  treat jetlag-MYNMYNMYN2.html,0
Does Omega Fatty Acids treat Adhd-MYNMYNMYN0.html,1
Does Omega Fatty Acids treat Adhd-MYNMYNMYN1.html,1
Does Omega Fatty Acids treat Adhd-MYNMYNMYN2.html,0
Does Melatonin  treat jetlag-MNYMNYMNY0.html,1
Does Melatonin  treat jetlag-MNYMNYMNY1.html,0
Does Melatonin  treat jetlag-MNYMNYMNY2.html,0
Does Omega Fatty Acids treat Adhd-MNYMNYMNY0.html,0
Does Omega Fatty Acids treat Adhd-MNYMNYMNY1.html,1
Does Omega Fatty Acids treat Adhd-MNYMNYMNY2.html,1
Does Melatonin  treat jetlag-NYMNYMNYM0.html,1
Does Melatonin  treat jetlag-NYMNYMNYM1.html,0
Does Melatonin  treat jetlag-NYMNYMNYM2.html,2
Does Omega Fatty Acids treat Adhd-NYMNYMNYM0.html,0
Does Omega Fatty Acids treat Adhd-NYMNYMNYM1.html,1
Does Omega Fatty Acids treat Adhd-NYMNYMNYM2.html,0
Does Melatonin  treat jetlag-NMYNMYNMY0.html,1
Does Melatonin  treat jetlag-NMYNMYNMY1.html,0
Does Melatonin  treat jetlag-NMYNMYNMY2.html,1
Does Omega Fatty Acids treat Adhd-NMYNMYNMY0.html,1
Does Omega Fatty Acids treat Adhd-NMYNMYNMY1.html,0
Does Omega Fatty Acids treat Adhd-NMYNMYNMY2.html,1
Does Ginkgo Biloba treat tinnitus-YYMMNN0.html,1
Does Ginkgo Biloba treat tinnitus-YYMMNN1.html,0
Does Ginkgo Biloba treat tinnitus-YYMMNN2.html,1
Does Ginkgo Biloba treat tinnitus-YYNNMM0.html,0
Does Ginkgo Biloba treat tinnitus-YYNNMM1.html,0
Does Ginkgo Biloba treat tinnitus-YYNNMM2.html,0
Does Ginkgo Biloba treat tinnitus-MMYYNN0.html,0
Does Ginkgo Biloba treat tinnitus-MMYYNN1.html,0
Does Ginkgo Biloba treat tinnitus-MMYYNN2.html,0
Does Ginkgo Biloba treat tinnitus-MMNNYY0.html,2
Does Ginkgo Biloba treat tinnitus-MMNNYY1.html,0
Does Ginkgo Biloba treat tinnitus-MMNNYY2.html,2
Does Ginkgo Biloba treat tinnitus-NNYYMM0.html,1
Does Ginkgo Biloba treat tinnitus-NNYYMM1.html,0
Does Ginkgo Biloba treat tinnitus-NNYYMM2.html,0
Does Ginkgo Biloba treat tinnitus-NNMMYY0.html,2
Does Ginkgo Biloba treat tinnitus-NNMMYY1.html,2
Does Ginkgo Biloba treat tinnitus-NNMMYY2.html,0
Does Ginkgo Biloba treat tinnitus-YMNYMN0.html,1
Does Ginkgo Biloba treat tinnitus-YMNYMN1.html,0
Does Ginkgo Biloba treat tinnitus-YMNYMN2.html,0
Does Ginkgo Biloba treat tinnitus-YNMYNM0.html,1
Does Ginkgo Biloba treat tinnitus-YNMYNM1.html,1
Does Ginkgo Biloba treat tinnitus-YNMYNM2.html,0
Does Ginkgo Biloba treat tinnitus-MYNMYN0.html,1
Does Ginkgo Biloba treat tinnitus-MYNMYN1.html,0
Does Ginkgo Biloba treat tinnitus-MYNMYN2.html,1
Does Ginkgo Biloba treat tinnitus-MNYMNY0.html,1
Does Ginkgo Biloba treat tinnitus-MNYMNY1.html,1
Does Ginkgo Biloba treat tinnitus-MNYMNY2.html,0
Does Ginkgo Biloba treat tinnitus-NYMNYM0.html,1
Does Ginkgo Biloba treat tinnitus-NYMNYM1.html,1
Does Ginkgo Biloba treat tinnitus-NYMNYM2.html,2
Does Ginkgo Biloba treat tinnitus-NMYNMY0.html,0
Does Ginkgo Biloba treat tinnitus-NMYNMY1.html,0
Does Ginkgo Biloba treat tinnitus-NMYNMY2.html,1
Does Melatonin  treat jetlag-ANNNYYYMMM0.html,0
Does Melatonin  treat jetlag-ANNNYYYMMM1.html,2
Does Melatonin  treat jetlag-ANNNYYYMMM2.html,2
Does Omega Fatty Acids treat Adhd-ANNNYYYMMM0.html,1
Does Omega Fatty Acids treat Adhd-ANNNYYYMMM1.html,1
Does Omega Fatty Acids treat Adhd-ANNNYYYMMM2.html,1
Does Melatonin  treat jetlag-ANNNMMMYYY0.html,0
Does Melatonin  treat jetlag-ANNNMMMYYY1.html,2
Does Melatonin  treat jetlag-ANNNMMMYYY2.html,2
Does Omega Fatty Acids treat Adhd-ANNNMMMYYY0.html,2
Does Omega Fatty Acids treat Adhd-ANNNMMMYYY1.html,1
Does Omega Fatty Acids treat Adhd-ANNNMMMYYY2.html,0
Does Melatonin  treat jetlag-ANYMNYMNYM0.html,1
Does Melatonin  treat jetlag-ANYMNYMNYM1.html,1
Does Melatonin  treat jetlag-ANYMNYMNYM2.html,1
Does Omega Fatty Acids treat Adhd-ANYMNYMNYM0.html,1
Does Omega Fatty Acids treat Adhd-ANYMNYMNYM1.html,1
Does Omega Fatty Acids treat Adhd-ANYMNYMNYM2.html,1
Does Melatonin  treat jetlag-ANMYNMYNMY0.html,0
Does Melatonin  treat jetlag-ANMYNMYNMY1.html,0
Does Melatonin  treat jetlag-ANMYNMYNMY2.html,1
Does Omega Fatty Acids treat Adhd-ANMYNMYNMY0.html,2
Does Omega Fatty Acids treat Adhd-ANMYNMYNMY1.html,1
Does Omega Fatty Acids treat Adhd-ANMYNMYNMY2.html,1
Does Ginkgo Biloba treat tinnitus-ANNYYMM0.html,2
Does Ginkgo Biloba treat tinnitus-ANNYYMM1.html,1
Does Ginkgo Biloba treat tinnitus-ANNYYMM2.html,2
Does Ginkgo Biloba treat tinnitus-ANNMMYY0.html,2
Does Ginkgo Biloba treat tinnitus-ANNMMYY1.html,2
Does Ginkgo Biloba treat tinnitus-ANNMMYY2.html,1
Does Ginkgo Biloba treat tinnitus-ANYMNYM0.html,0
Does Ginkgo Biloba treat tinnitus-ANYMNYM1.html,0
Does Ginkgo Biloba treat tinnitus-ANYMNYM2.html,1
Does Ginkgo Biloba treat tinnitus-ANMYNMY0.html,0
Does Ginkgo Biloba treat tinnitus-ANMYNMY1.html,0
Does Ginkgo Biloba treat tinnitus-ANMYNMY2.html,0
